{
    "L": 12,
    "T": 303.15,
    "R": 8.314,
    "P_high": 1519875,
    "P_low": 101325,
    "d": 3,
    "Nsets": 3,
    "ratio_layer1": 0.6,
    "purge_fraction": 0.121,
    "N": 100,
    "dp": 0.002,
    "mu": 1.135086e-05,
    "P_atm_Pa": 101325.0,
    "eps_1": 0.35,
    "eps_2": 0.35,
    "rho_s_1": 2000,
    "rho_s_2": 2500,
    "Adsorption_Ratio": 0.5,
    "Blowdown_Ratio": 0.1,
    "Purge_Ratio": 0.35,
    "Repress_Ratio": 0.05,
    "t_ads_start": 0,
    "t_ads_end": 2000,
    "t_op_ads": 728.6573146292584,
    "t_ads_safety_ratio": 0.9,
    "tau_bd": 30.0,
    "tf_des": 510.06012024048084,
    "t_blowdown_end": 145.73146292585167,
    "t_rep": 72.86573146292584
}